Year,Trade Flow,Rank,index,Partner,Partner Code,Partner Pct,Trade Value (US$)
2000,Export,1,240,Germany,276,8.95,9231828795
2000,Export,2,257,Italy,381,7.04,7254325411
2000,Export,3,206,Belarus,112,5.4,5572101000
2000,Export,4,215,China,156,5.09,5247619974
2000,Export,5,343,Ukraine,804,4.87,5024485125
2000,Export,6,346,United Kingdom,826,4.53,4670041638
2000,Export,7,348,USA,842,4.51,4648015624
2000,Export,8,306,Poland,616,4.32,4452274283
2000,Export,9,293,Netherlands,528,4.22,4349439032
2000,Export,10,331,Switzerland,757,3.86,3976663636
2000,Import,1,64,Germany,276,11.51,3898067847
2000,Import,2,26,Belarus,112,10.95,3710139000
2000,Import,3,167,Ukraine,804,10.78,3650926743
2000,Import,4,172,USA,842,7.98,2703404198
2000,Import,5,87,Kazakhstan,398,6.49,2199983795
2000,Import,6,83,Italy,381,3.58,1212447455
2000,Import,7,56,France,251,3.51,1187780610
2000,Import,8,55,Finland,246,2.83,957849105
2000,Import,9,35,China,156,2.8,948951489
2000,Import,10,170,United Kingdom,826,2.54,860907973
2000,Turnover,1,8337,Germany,276,9.59,13129896642
2000,Turnover,2,8279,Belarus,112,6.78,9282240000
2000,Turnover,3,8444,Ukraine,804,6.33,8675411868
2000,Turnover,4,8358,Italy,381,6.18,8466772866
2000,Turnover,5,8442,USA,842,5.37,7351419822
2000,Turnover,6,8301,China,156,4.52,6196571463
2000,Turnover,7,8446,United Kingdom,826,4.04,5530949611
2000,Turnover,8,8406,Poland,616,3.77,5168541104
2000,Turnover,9,8390,Netherlands,528,3.72,5089103226
2000,Turnover,10,8362,Kazakhstan,398,3.25,4447364194
2001,Export,1,605,Germany,276,9.21,9194175838
2001,Export,2,623,Italy,381,7.41,7401528160
2001,Export,3,581,China,156,5.6,5596012922
2001,Export,4,709,Ukraine,804,5.29,5282364476
2001,Export,5,574,Belarus,112,5.26,5249372000
2001,Export,6,656,Netherlands,528,4.7,4695281683
2001,Export,7,712,United Kingdom,826,4.29,4282863489
2001,Export,8,671,Poland,616,4.21,4199671464
2001,Export,9,714,USA,842,4.2,4198804987
2001,Export,10,705,Turkey,792,3.25,3246301024
2001,Import,1,423,Germany,276,13.87,5807733060
2001,Import,2,385,Belarus,112,9.41,3940953000
2001,Import,3,532,Ukraine,804,9.19,3846461458
2001,Import,4,537,USA,842,7.79,3260386244
2001,Import,5,448,Kazakhstan,398,4.82,2017737961
2001,Import,6,444,Italy,381,4.1,1714898547
2001,Import,7,394,China,156,3.93,1646500684
2001,Import,8,419,France,251,3.68,1538613821
2001,Import,9,418,Finland,246,3.07,1284863974
2001,Import,10,535,United Kingdom,826,2.4,1003218242
2001,Turnover,1,8534,Germany,276,10.58,15001908898
2001,Turnover,2,8475,Belarus,112,6.48,9190325000
2001,Turnover,3,8644,Ukraine,804,6.44,9128825934
2001,Turnover,4,8555,Italy,381,6.43,9116426707
2001,Turnover,5,8642,USA,842,5.26,7459191231
2001,Turnover,6,8497,China,156,5.11,7242513606
2001,Turnover,7,8590,Netherlands,528,3.91,5541498805
2001,Turnover,8,8646,United Kingdom,826,3.73,5286081731
2001,Turnover,9,8605,Poland,616,3.64,5161337137
2001,Turnover,10,8559,Kazakhstan,398,3.38,4795753446
2002,Export,1,978,Germany,276,7.55,8059298784
2002,Export,2,1030,Netherlands,528,7.06,7529092361
2002,Export,3,996,Italy,381,6.98,7442132957
2002,Export,4,952,China,156,6.41,6836946641
2002,Export,5,943,Belarus,112,5.55,5922296000
2002,Export,6,1081,Ukraine,804,5.52,5885284417
2002,Export,7,1070,Switzerland,757,5.03,5362494390
2002,Export,8,1086,USA,842,3.77,4019994409
2002,Export,9,1084,United Kingdom,826,3.56,3802771213
2002,Export,10,1044,Poland,616,3.49,3720168982
2002,Import,1,788,Germany,276,14.29,6598481282
2002,Import,2,752,Belarus,112,8.61,3977107000
2002,Import,3,901,Ukraine,804,6.99,3230018642
2002,Import,4,906,USA,842,6.46,2983348979
2002,Import,5,760,China,156,5.2,2401128472
2002,Import,6,808,Italy,381,4.83,2228759951
2002,Import,7,812,Kazakhstan,398,4.21,1945732081
2002,Import,8,783,France,251,4.11,1897097362
2002,Import,9,782,Finland,246,3.29,1519264927
2002,Import,10,744,Brazil,76,2.82,1304093049
2002,Turnover,1,8736,Germany,276,9.59,14657780066
2002,Turnover,2,8677,Belarus,112,6.48,9899403000
2002,Turnover,3,8756,Italy,381,6.33,9670892908
2002,Turnover,4,8701,China,156,6.04,9238075113
2002,Turnover,5,8845,Ukraine,804,5.96,9115303059
2002,Turnover,6,8791,Netherlands,528,5.62,8589356774
2002,Turnover,7,8843,USA,842,4.58,7003343388
2002,Turnover,8,8832,Switzerland,757,3.78,5784312326
2002,Turnover,9,8807,Poland,616,3.28,5019934701
2002,Turnover,10,8847,United Kingdom,826,3.22,4922479231
2003,Export,1,1359,Germany,276,7.8,10419865746
2003,Export,2,1410,Netherlands,528,6.49,8673741872
2003,Export,3,1376,Italy,381,6.37,8514861014
2003,Export,4,1332,China,156,6.18,8257599165
2003,Export,5,1322,Belarus,112,5.69,7601917000
2003,Export,6,1464,Ukraine,804,5.68,7597637049
2003,Export,7,1452,Switzerland,757,4.36,5825308100
2003,Export,8,1467,United Kingdom,826,3.68,4918643582
2003,Export,9,1460,Turkey,792,3.6,4807462253
2003,Export,10,1425,Poland,616,3.46,4619330710
2003,Import,1,1167,Germany,276,14.15,8112127087
2003,Import,2,1126,Belarus,112,8.51,4879858000
2003,Import,3,1280,Ukraine,804,7.74,4437624004
2003,Import,4,1135,China,156,5.77,3308670792
2003,Import,5,1285,USA,842,5.17,2966879385
2003,Import,6,1191,Kazakhstan,398,4.31,2473843635
2003,Import,7,1187,Italy,381,4.2,2406764770
2003,Import,8,1160,France,251,4.09,2347631264
2003,Import,9,1190,Japan,392,3.28,1882938769
2003,Import,10,1159,Finland,246,3.23,1853956790
2003,Turnover,1,8938,Germany,276,9.7,18531992833
2003,Turnover,2,8877,Belarus,112,6.53,12481775000
2003,Turnover,3,9049,Ukraine,804,6.3,12035261053
2003,Turnover,4,8900,China,156,6.06,11566269957
2003,Turnover,5,8959,Italy,381,5.72,10921625784
2003,Turnover,6,8992,Netherlands,528,5.2,9931555174
2003,Turnover,7,9047,USA,842,3.79,7241103728
2003,Turnover,8,9051,United Kingdom,826,3.33,6361544057
2003,Turnover,9,9034,Switzerland,757,3.33,6361376387
2003,Turnover,10,9007,Poland,616,3.32,6333915007
2004,Export,1,1783,Netherlands,528,8.41,15272233818
2004,Export,2,1731,Germany,276,7.32,13302044425
2004,Export,3,1748,Italy,381,6.66,12087832271
2004,Export,4,1696,Belarus,112,6.18,11219191000
2004,Export,5,1834,Ukraine,804,5.93,10770221888
2004,Export,6,1705,China,156,5.56,10105068535
2004,Export,7,1823,Switzerland,757,4.25,7724118724
2004,Export,8,1831,Turkey,792,4.1,7440237951
2004,Export,9,1839,USA,842,3.65,6625955250
2004,Export,10,1725,Finland,246,3.21,5827712734
2004,Import,1,1544,Germany,276,13.97,10555675334
2004,Import,2,1507,Belarus,112,8.58,6484977000
2004,Import,3,1655,Ukraine,804,8.07,6100483649
2004,Import,4,1516,China,156,6.28,4746229494
2004,Import,5,1567,Japan,392,5.22,3940935843
2004,Import,6,1568,Kazakhstan,398,4.54,3428692187
2004,Import,7,1660,USA,842,4.24,3207211786
2004,Import,8,1564,Italy,381,4.23,3199437644
2004,Import,9,1538,France,251,4.07,3073356141
2004,Import,10,1537,Finland,246,3.09,2336300578
2004,Turnover,1,9138,Germany,276,9.28,23857719759
2004,Turnover,2,9081,Belarus,112,6.88,17704168000
2004,Turnover,3,9247,Ukraine,804,6.56,16870705537
2004,Turnover,4,9194,Netherlands,528,6.47,16647241471
2004,Turnover,5,9158,Italy,381,5.94,15287269915
2004,Turnover,6,9103,China,156,5.77,14851298029
2004,Turnover,7,9245,USA,842,3.82,9833167036
2004,Turnover,8,9242,Turkey,792,3.37,8671386593
2004,Turnover,9,9234,Switzerland,757,3.26,8375444843
2004,Turnover,10,9131,Finland,246,3.17,8164013312
2005,Export,1,2145,Netherlands,528,10.19,24614011037
2005,Export,2,2094,Germany,276,8.17,19735912578
2005,Export,3,2111,Italy,381,7.89,19055788022
2005,Export,4,2070,China,156,5.4,13047744851
2005,Export,5,2198,Ukraine,804,5.14,12401617628
2005,Export,6,2195,Turkey,792,4.49,10841448818
2005,Export,7,2187,Switzerland,757,4.47,10781703404
2005,Export,8,2062,Belarus,112,4.19,10118151000
2005,Export,9,2161,Poland,616,3.57,8622933810
2005,Export,10,2201,United Kingdom,826,3.43,8280330773
2005,Import,1,1911,Germany,276,13.45,13272376919
2005,Import,2,2022,Ukraine,804,7.92,7819251288
2005,Import,3,1884,China,156,7.36,7264582912
2005,Import,4,1934,Japan,392,5.91,5833520647
2005,Import,5,1876,Belarus,112,5.79,5715788000
2005,Import,6,2027,USA,842,4.63,4573114207
2005,Import,7,1931,Italy,381,4.47,4416276217
2005,Import,8,1939,Rep. of Korea,410,4.06,4005290295
2005,Import,9,1904,France,251,3.72,3676554981
2005,Import,10,1935,Kazakhstan,398,3.27,3224708694
2005,Turnover,1,9337,Germany,276,9.7,33008289497
2005,Turnover,2,9395,Netherlands,528,7.81,26555392936
2005,Turnover,3,9358,Italy,381,6.9,23472064239
2005,Turnover,4,9301,China,156,5.97,20312327763
2005,Turnover,5,9449,Ukraine,804,5.94,20220868916
2005,Turnover,6,9279,Belarus,112,4.65,15833939000
2005,Turnover,7,9445,Turkey,792,3.7,12573562948
2005,Turnover,8,9437,Switzerland,757,3.43,11660192847
2005,Turnover,9,9410,Poland,616,3.34,11369796368
2005,Turnover,10,9451,United Kingdom,826,3.25,11056260895
2006,Export,1,2531,Netherlands,528,11.9,35895848486
2006,Export,2,2495,Italy,381,8.32,25102839313
2006,Export,3,2477,Germany,276,8.12,24499816126
2006,Export,4,2450,China,156,5.23,15757053282
2006,Export,5,2583,Ukraine,804,4.97,14986605614
2006,Export,6,2580,Turkey,792,4.75,14320660056
2006,Export,7,2440,Belarus,112,4.34,13084338000
2006,Export,8,2571,Switzerland,757,4.01,12093012187
2006,Export,9,2545,Poland,616,3.81,11479852600
2006,Export,10,2586,United Kingdom,826,3.45,10391216585
2006,Import,1,2280,Germany,276,13.39,18456673216
2006,Import,2,2251,China,156,9.37,12911747272
2006,Import,3,2399,Ukraine,804,6.7,9235408785
2006,Import,4,2304,Japan,392,5.65,7788760111
2006,Import,5,2241,Belarus,112,4.97,6849619000
2006,Import,6,2309,Rep. of Korea,410,4.92,6780459304
2006,Import,7,2404,USA,842,4.66,6425595550
2006,Import,8,2273,France,251,4.26,5866449306
2006,Import,9,2301,Italy,381,4.16,5726240438
2006,Import,10,2272,Finland,246,2.9,4002556957
2006,Turnover,1,9541,Germany,276,9.78,42956489342
2006,Turnover,2,9599,Netherlands,528,8.78,38578205471
2006,Turnover,3,9563,Italy,381,7.02,30829079751
2006,Turnover,4,9504,China,156,6.53,28668800554
2006,Turnover,5,9657,Ukraine,804,5.51,24222014399
2006,Turnover,6,9480,Belarus,112,4.54,19933957000
2006,Turnover,7,9652,Turkey,792,3.88,17043306531
2006,Turnover,8,9655,USA,842,3.48,15277112975
2006,Turnover,9,9616,Poland,616,3.39,14887383264
2006,Turnover,10,9659,United Kingdom,826,3.2,14065614454
2007,Export,1,2979,"Areas, nes",899,12.29,43292834982
2007,Export,2,2915,Netherlands,528,11.88,41840676104
2007,Export,3,2881,Italy,381,6.42,22631148546
2007,Export,4,2864,Germany,276,5.28,18604905584
2007,Export,5,2827,Belarus,112,4.88,17187000000
2007,Export,6,2967,Ukraine,804,4.52,15928664530
2007,Export,7,2835,China,156,4.31,15166641402
2007,Export,8,2956,Switzerland,757,3.93,13857539788
2007,Export,9,2964,Turkey,792,3.8,13392644598
2007,Export,10,2930,Poland,616,3.35,11784548415
2007,Import,1,2666,Germany,276,13.29,26549268502
2007,Import,2,2636,China,156,12.22,24406609582
2007,Import,3,2787,Ukraine,804,6.66,13310452407
2007,Import,4,2691,Japan,392,6.37,12715798183
2007,Import,5,2792,USA,842,4.71,9407733153
2007,Import,6,2626,Belarus,112,4.45,8887000000
2007,Import,7,2696,Rep. of Korea,410,4.43,8838285739
2007,Import,8,2688,Italy,381,4.27,8524063984
2007,Import,9,2660,France,251,3.86,7700160284
2007,Import,10,2790,United Kingdom,826,2.82,5639568539
2007,Turnover,1,9812,Netherlands,528,8.28,45692068984
2007,Turnover,2,9752,Germany,276,8.18,45154174086
2007,Turnover,3,9713,China,156,7.17,39573250984
2007,Turnover,4,9774,Italy,381,5.64,31155212530
2007,Turnover,5,9869,Ukraine,804,5.3,29239116937
2007,Turnover,6,9689,Belarus,112,4.72,26074000000
2007,Turnover,7,9776,Japan,392,3.66,20206441024
2007,Turnover,8,9864,Turkey,792,3.18,17564562784
2007,Turnover,9,9867,USA,842,3.03,16719538293
2007,Turnover,10,9828,Poland,616,2.97,16412642048
2008,Export,1,3301,Netherlands,528,12.17,56944281207
2008,Export,2,3265,Italy,381,8.97,41955811385
2008,Export,3,3249,Germany,276,7.09,33187251589
2008,Export,4,3351,Turkey,792,5.91,27663409672
2008,Export,5,3212,Belarus,112,5.06,23696967656
2008,Export,6,3354,Ukraine,804,5.04,23567676516
2008,Export,7,3221,China,156,4.52,21147334469
2008,Export,8,3317,Poland,616,4.31,20192712539
2008,Export,9,3242,Finland,246,3.37,15780558886
2008,Export,10,3357,United Kingdom,826,3.18,14904714346
2008,Import,1,3021,China,156,13.02,34768715531
2008,Import,2,3052,Germany,276,12.76,34075574753
2008,Import,3,3076,Japan,392,6.96,18589772248
2008,Import,4,3172,Ukraine,804,6.08,16246435451
2008,Import,5,3177,USA,842,5.17,13818227926
2008,Import,6,3073,Italy,381,4.12,10995286122
2008,Import,7,3011,Belarus,112,3.97,10599884667
2008,Import,8,3081,Rep. of Korea,410,3.94,10521138824
2008,Import,9,3045,France,251,3.77,10066091522
2008,Import,10,3175,United Kingdom,826,2.85,7622204650
2008,Turnover,1,9961,Germany,276,9.15,67262826342
2008,Turnover,2,10019,Netherlands,528,8.4,61758344642
2008,Turnover,3,9925,China,156,7.61,55916050000
2008,Turnover,4,9982,Italy,381,7.2,52951097507
2008,Turnover,5,10081,Ukraine,804,5.42,39814111967
2008,Turnover,6,9901,Belarus,112,4.67,34296852323
2008,Turnover,7,10075,Turkey,792,4.6,33804714657
2008,Turnover,8,9984,Japan,392,3.95,29018814789
2008,Turnover,9,10079,USA,842,3.75,27571018018
2008,Turnover,10,10035,Poland,616,3.7,27223707556
2009,Export,1,3683,Netherlands,528,12.02,36289884164
2009,Export,2,3645,Italy,381,8.3,25060000000
2009,Export,3,3628,Germany,276,6.2,18708181984
2009,Export,4,3593,Belarus,112,5.54,16717000000
2009,Export,5,3601,China,156,5.52,16669000000
2009,Export,6,3736,Turkey,792,5.43,16385000000
2009,Export,7,3739,Ukraine,804,4.57,13780000000
2009,Export,8,3699,Poland,616,4.14,12500000000
2009,Export,9,3744,USA,842,3.08,9286430540
2009,Export,10,3622,Finland,246,3.03,9159000000
2009,Import,1,3408,China,156,13.38,22859880130
2009,Import,2,3437,Germany,276,12.42,21221887011
2009,Import,3,3559,USA,842,5.39,9203767218
2009,Import,4,3554,Ukraine,804,5.34,9121000000
2009,Import,5,3431,France,251,4.93,8430082785
2009,Import,6,3456,Italy,381,4.62,7884000000
2009,Import,7,3459,Japan,392,4.25,7255705809
2009,Import,8,3557,United Kingdom,826,4.13,7057329677
2009,Import,9,3399,Belarus,112,3.93,6714000000
2009,Import,10,3464,Rep. of Korea,410,2.85,4867899482
2009,Turnover,1,10171,Germany,276,8.45,39930068995
2009,Turnover,2,10229,Netherlands,528,8.44,39874889628
2009,Turnover,3,10135,China,156,8.36,39528880130
2009,Turnover,4,10192,Italy,381,6.97,32944000000
2009,Turnover,5,10111,Belarus,112,4.96,23431000000
2009,Turnover,6,10287,Ukraine,804,4.85,22901000000
2009,Turnover,7,10283,Turkey,792,4.15,19606933165
2009,Turnover,8,10285,USA,842,3.91,18490197758
2009,Turnover,9,10167,France,251,3.64,17181001019
2009,Turnover,10,10245,Poland,616,3.53,16699526878
2010,Export,1,4066,Netherlands,528,13.41,53240893689
2010,Export,2,4131,"Areas, nes",899,12.63,50147062799
2010,Export,3,4029,Italy,381,6.14,24375011482
2010,Export,4,3987,China,156,4.98,19783043493
2010,Export,5,3979,Belarus,112,4.55,18080614500
2010,Export,6,4012,Germany,276,3.99,15862274793
2010,Export,7,4080,Poland,616,3.58,14215842069
2010,Export,8,4116,Turkey,792,3.52,13958616959
2010,Export,9,4119,Ukraine,804,3.43,13608727742
2010,Export,10,4032,Japan,392,3.15,12493561579
2010,Import,1,3794,China,156,17.02,38960930034
2010,Import,2,3821,Germany,276,11.62,26601382391
2010,Import,3,3939,Ukraine,804,6.12,14002410232
2010,Import,4,3844,Japan,392,4.48,10259743284
2010,Import,5,3841,Italy,381,4.38,10024387991
2010,Import,6,3784,Belarus,112,4.35,9953647900
2010,Import,7,3944,USA,842,4.3,9833583091
2010,Import,8,3817,France,251,3.59,8206799869
2010,Import,9,3849,Rep. of Korea,410,3.18,7281531772
2010,Import,10,3899,Poland,616,2.54,5825082961
2010,Turnover,1,10341,China,156,9.38,58743973527
2010,Turnover,2,10435,Netherlands,528,9.21,57678948677
2010,Turnover,3,10376,Germany,276,6.78,42463657184
2010,Turnover,4,10397,Italy,381,5.5,34399399473
2010,Turnover,5,10317,Belarus,112,4.48,28034262400
2010,Turnover,6,10493,Ukraine,804,4.41,27611137974
2010,Turnover,7,10399,Japan,392,3.63,22753304863
2010,Turnover,8,10491,USA,842,3.48,21766603084
2010,Turnover,9,10451,Poland,616,3.2,20040925030
2010,Turnover,10,10488,Turkey,792,3.01,18824607125
2011,Export,1,4524,"Areas, nes",899,14.04,72567733238
2011,Export,2,4455,Netherlands,528,11.85,61240029025
2011,Export,3,4372,China,156,6.71,34692361997
2011,Export,4,4419,Italy,381,5.4,27898665544
2011,Export,5,4363,Belarus,112,4.82,24930203400
2011,Export,6,4401,Germany,276,4.4,22766472111
2011,Export,7,4472,Poland,616,4.1,21194164325
2011,Export,8,4512,Ukraine,804,3.49,18064358057
2011,Export,9,4517,USA,842,3.02,15626334638
2011,Export,10,4509,Turkey,792,2.92,15086787700
2011,Import,1,4172,China,156,15.69,48038378329
2011,Import,2,4204,Germany,276,12.23,37436682173
2011,Import,3,4324,Ukraine,804,6.53,20000465961
2011,Import,4,4229,Japan,392,4.9,15012610610
2011,Import,5,4162,Belarus,112,4.74,14508643100
2011,Import,6,4226,Italy,381,4.34,13292795456
2011,Import,7,4329,USA,842,4.21,12881409590
2011,Import,8,4234,Rep. of Korea,410,3.78,11575681804
2011,Import,9,4197,France,251,3.21,9825079332
2011,Import,10,4327,United Kingdom,826,2.34,7162774781
2011,Turnover,1,10547,China,156,10.05,82730740326
2011,Turnover,2,10647,Netherlands,528,8.16,67161185059
2011,Turnover,3,10587,Germany,276,7.31,60203154284
2011,Turnover,4,10609,Italy,381,5.0,41191461000
2011,Turnover,5,10524,Belarus,112,4.79,39438846500
2011,Turnover,6,10706,Ukraine,804,4.62,38064824018
2011,Turnover,7,10611,Japan,392,3.55,29247300868
2011,Turnover,8,10704,USA,842,3.46,28507744228
2011,Turnover,9,10663,Poland,616,3.38,27838513053
2011,Turnover,10,10666,Rep. of Korea,410,3.03,24905402382
2012,Export,1,4867,Netherlands,528,14.49,76036013738
2012,Export,2,4937,"Areas, nes",899,11.9,62436753924
2012,Export,3,4781,China,156,6.82,35766829504
2012,Export,4,4830,Italy,381,5.34,28007565316
2012,Export,5,4811,Germany,276,4.58,24039165629
2012,Export,6,4771,Belarus,112,4.07,21380404710
2012,Export,7,4884,Poland,616,3.76,19753359069
2012,Export,8,4921,Turkey,792,3.07,16103172978
2012,Export,9,4832,Japan,392,2.97,15588026760
2012,Export,10,4833,Kazakhstan,398,2.84,14892490014
2012,Import,1,4565,China,156,16.37,51767694478
2012,Import,2,4602,Germany,276,12.11,38289660349
2012,Import,3,4730,Ukraine,804,5.68,17955443328
2012,Import,4,4626,Japan,392,4.96,15676090030
2012,Import,5,4735,USA,842,4.9,15505297692
2012,Import,6,4594,France,251,4.37,13806116299
2012,Import,7,4623,Italy,381,4.25,13426404132
2012,Import,8,4556,Belarus,112,4.11,12991857140
2012,Import,9,4631,Rep. of Korea,410,3.47,10976879220
2012,Import,10,4627,Kazakhstan,398,2.98,9409255575
2012,Turnover,1,10764,China,156,10.41,87534523982
2012,Turnover,2,10863,Netherlands,528,9.75,82015851706
2012,Turnover,3,10804,Germany,276,7.41,62328825978
2012,Turnover,4,10826,Italy,381,4.93,41433969448
2012,Turnover,5,10740,Belarus,112,4.09,34372261850
2012,Turnover,6,10928,Ukraine,804,3.9,32771217117
2012,Turnover,7,10828,Japan,392,3.72,31264116790
2012,Turnover,8,10926,USA,842,3.39,28527622005
2012,Turnover,9,10880,Poland,616,3.24,27220489961
2012,Turnover,10,10883,Rep. of Korea,410,2.95,24842358061
2013,Export,1,5273,Netherlands,528,13.14,69259511323
2013,Export,2,5341,"Areas, nes",899,12.76,67282795218
2013,Export,3,5186,China,156,6.76,35625419978
2013,Export,4,5237,Italy,381,5.53,29156005751
2013,Export,5,5217,Germany,276,4.35,22962139217
2013,Export,6,5239,Japan,392,3.73,19667507623
2013,Export,7,5289,Poland,616,3.68,19408183622
2013,Export,8,5240,Kazakhstan,398,3.27,17218175411
2013,Export,9,5178,Belarus,112,3.2,16870227717
2013,Export,10,5329,Ukraine,804,2.89,15215254506
2013,Import,1,4979,China,156,16.88,53173086207
2013,Import,2,5011,Germany,276,12.04,37904568529
2013,Import,3,5141,USA,842,5.31,16717711021
2013,Import,4,5136,Ukraine,804,5.01,15790890011
2013,Import,5,5031,Italy,381,4.62,14553947804
2013,Import,6,4969,Belarus,112,4.43,13959261778
2013,Import,7,5034,Japan,392,4.31,13560499940
2013,Import,8,5006,France,251,4.13,13021467978
2013,Import,9,5039,Rep. of Korea,410,3.27,10305436128
2013,Import,10,5090,Poland,616,2.64,8321276518
2013,Turnover,1,10984,China,156,10.54,88798506185
2013,Turnover,2,11080,Netherlands,528,8.92,75096669528
2013,Turnover,3,11022,Germany,276,7.23,60866707746
2013,Turnover,4,11044,Italy,381,5.19,43709953555
2013,Turnover,5,11046,Japan,392,3.95,33228007563
2013,Turnover,6,11144,Ukraine,804,3.68,31006144517
2013,Turnover,7,10960,Belarus,112,3.66,30829489495
2013,Turnover,8,11142,USA,842,3.31,27894767174
2013,Turnover,9,11096,Poland,616,3.29,27729460140
2013,Turnover,10,11099,Rep. of Korea,410,2.99,25172506369
2014,Export,1,5752,"Areas, nes",899,13.44,66925097456
2014,Export,2,5684,Netherlands,528,13.39,66683274005
2014,Export,3,5599,China,156,7.52,37414604118
2014,Export,4,5646,Italy,381,5.82,28986125763
2014,Export,5,5629,Germany,276,5.01,24950268347
2014,Export,6,5649,Japan,392,3.98,19830780971
2014,Export,7,5654,Rep. of Korea,410,3.63,18081831347
2014,Export,8,5590,Belarus,112,3.32,16539841093
2014,Export,9,5699,Poland,616,3.17,15760463006
2014,Export,10,5737,Turkey,792,2.96,14755154119
2014,Import,1,5384,China,156,17.74,50853009519
2014,Import,2,5416,Germany,276,11.49,32947335002
2014,Import,3,5553,USA,842,6.49,18594394534
2014,Import,4,5437,Italy,381,4.42,12676960246
2014,Import,5,5374,Belarus,112,4.3,12316244014
2014,Import,6,5440,Japan,392,3.81,10917410191
2014,Import,7,5548,Ukraine,804,3.74,10714366050
2014,Import,8,5409,France,251,3.68,10551969430
2014,Import,9,5445,Rep. of Korea,410,3.13,8972462063
2014,Import,10,5551,United Kingdom,826,2.71,7777965043
2014,Turnover,1,11202,China,156,11.25,88267613637
2014,Turnover,2,11299,Netherlands,528,9.17,71948146700
2014,Turnover,3,11242,Germany,276,7.38,57897603349
2014,Turnover,4,11263,Italy,381,5.31,41663086009
2014,Turnover,5,11265,Japan,392,3.92,30748191162
2014,Turnover,6,11177,Belarus,112,3.68,28856085107
2014,Turnover,7,11363,USA,842,3.59,28147882952
2014,Turnover,8,11320,Rep. of Korea,410,3.45,27054293410
2014,Turnover,9,11317,Poland,616,2.91,22829854850
2014,Turnover,10,11365,Ukraine,804,2.81,22060429318
2015,Export,1,6167,"Areas, nes",899,15.44,53096940042
2015,Export,2,6097,Netherlands,528,11.69,40198496427
2015,Export,3,6012,China,156,8.24,28334954570
2015,Export,4,6059,Italy,381,4.71,16204284047
2015,Export,5,6041,Germany,276,4.63,15906242253
2015,Export,6,6062,Japan,392,4.19,14426352103
2015,Export,7,6067,Rep. of Korea,410,3.84,13196117468
2015,Export,8,6002,Belarus,112,3.61,12428309688
2015,Export,9,6152,Turkey,792,3.4,11703271067
2015,Export,10,6063,Kazakhstan,398,3.0,10301605707
2015,Import,1,5795,China,156,19.26,35199263948
2015,Import,2,5830,Germany,276,10.39,18991575885
2015,Import,3,5964,USA,842,6.29,11489698339
2015,Import,4,5786,Belarus,112,4.37,7988798958
2015,Import,5,5852,Italy,381,4.34,7928217385
2015,Import,6,5855,Japan,392,3.73,6818556738
2015,Import,7,5959,Ukraine,804,3.09,5642800662
2015,Import,8,5822,France,251,3.04,5563160137
2015,Import,9,5860,Rep. of Korea,410,2.48,4532320186
2015,Import,10,5856,Kazakhstan,398,2.34,4275012978
2015,Turnover,1,11424,China,156,12.06,63534218518
2015,Turnover,2,11522,Netherlands,528,8.19,43125082402
2015,Turnover,3,11464,Germany,276,6.63,34897818138
2015,Turnover,4,11486,Italy,381,4.58,24132501432
2015,Turnover,5,11488,Japan,392,4.03,21244908841
2015,Turnover,6,11400,Belarus,112,3.88,20417108646
2015,Turnover,7,11586,USA,842,3.78,19882803093
2015,Turnover,8,11544,Rep. of Korea,410,3.37,17728437654
2015,Turnover,9,11582,Turkey,792,2.99,15772122794
2015,Turnover,10,11490,Kazakhstan,398,2.77,14576618685
2016,Export,1,6519,Netherlands,528,10.54,31816200182
2016,Export,2,6431,China,156,9.93,29953376571
2016,Export,3,6461,Germany,276,7.11,21452143276
2016,Export,4,6421,Belarus,112,4.89,14762304899
2016,Export,5,6576,Turkey,792,4.56,13763057805
2016,Export,6,6481,Italy,381,4.07,12284661747
2016,Export,7,6489,Rep. of Korea,410,3.6,10878065453
2016,Export,8,6485,Kazakhstan,398,3.55,10727516330
2016,Export,9,6584,USA,842,3.35,10097661127
2016,Export,10,6484,Japan,392,3.26,9845579627
2016,Import,1,6212,China,156,22.34,46332240945
2016,Import,2,6246,Germany,276,10.94,22684926811
2016,Import,3,6384,USA,842,5.85,12134644371
2016,Import,4,6202,Belarus,112,4.92,10215334483
2016,Import,5,6238,France,251,4.46,9257957455
2016,Import,6,6268,Italy,381,4.31,8935513982
2016,Import,7,6271,Japan,392,3.68,7634698149
2016,Import,8,6276,Rep. of Korea,410,3.0,6219330071
2016,Import,9,6331,Poland,616,2.15,4453107182
2016,Import,10,6379,Ukraine,804,1.97,4095951703
2016,Turnover,1,11646,China,156,14.98,76285617516
2016,Turnover,2,11686,Germany,276,8.67,44137070087
2016,Turnover,3,11745,Netherlands,528,6.93,35263985876
2016,Turnover,4,11620,Belarus,112,4.91,24977639382
2016,Turnover,5,11809,USA,842,4.37,22232305498
2016,Turnover,6,11708,Italy,381,4.17,21220175729
2016,Turnover,7,11710,Japan,392,3.43,17480277776
2016,Turnover,8,11766,Rep. of Korea,410,3.36,17097395524
2016,Turnover,9,11806,Turkey,792,3.16,16107354784
2016,Turnover,10,11712,Kazakhstan,398,2.84,14438147386
2017,Export,1,6850,China,156,10.99,41671349422
2017,Export,2,6935,Netherlands,528,10.08,38234057853
2017,Export,3,6879,Germany,276,6.91,26202990313
2017,Export,4,6840,Belarus,112,5.36,20335904873
2017,Export,5,6990,Turkey,792,5.02,19044758556
2017,Export,6,6898,Italy,381,3.7,14044515777
2017,Export,7,6902,Kazakhstan,398,3.65,13844260062
2017,Export,8,6906,Rep. of Korea,410,3.35,12717563338
2017,Export,9,6954,Poland,616,3.12,11814828954
2017,Export,10,6998,USA,842,3.11,11790525621
2017,Import,1,6634,China,156,21.91,56950375658
2017,Import,2,6669,Germany,276,10.94,28441062048
2017,Import,3,6804,USA,842,5.49,14282980847
2017,Import,4,6624,Belarus,112,5.12,13316014209
2017,Import,5,6690,Italy,381,4.49,11676418538
2017,Import,6,6662,France,251,4.0,10386846851
2017,Import,7,6693,Japan,392,3.47,9012023423
2017,Import,8,6698,Rep. of Korea,410,3.33,8660152420
2017,Import,9,6752,Poland,616,2.13,5532840675
2017,Import,10,6799,Ukraine,804,2.01,5226243318
2017,Turnover,1,11869,China,156,15.43,98621725080
2017,Turnover,2,11909,Germany,276,8.55,54644052361
2017,Turnover,3,11966,Netherlands,528,6.69,42766467102
2017,Turnover,4,11844,Belarus,112,5.26,33651919082
2017,Turnover,5,12031,USA,842,4.08,26073506468
2017,Turnover,6,11930,Italy,381,4.02,25720934315
2017,Turnover,7,12027,Turkey,792,3.55,22710300855
2017,Turnover,8,11987,Rep. of Korea,410,3.34,21377715758
2017,Turnover,9,11932,Japan,392,3.13,20025621104
2017,Turnover,10,11934,Kazakhstan,398,2.96,18937822205
2018,Export,1,7265,China,156,12.41,56019903783
2018,Export,2,7350,Netherlands,528,9.62,43450496563
2018,Export,3,7295,Germany,276,7.57,34184357758
2018,Export,4,7255,Belarus,112,5.05,22779795969
2018,Export,5,7406,Turkey,792,4.72,21312068617
2018,Export,6,7322,Rep. of Korea,410,3.95,17824997468
2018,Export,7,7367,Poland,616,3.68,16607201973
2018,Export,8,7314,Italy,381,3.63,16400963508
2018,Export,9,7318,Kazakhstan,398,2.86,12923330620
2018,Export,10,7414,USA,842,2.78,12569089285
2018,Import,1,7049,China,156,21.74,52217637368
2018,Import,2,7082,Germany,276,10.62,25510954012
2018,Import,3,7039,Belarus,112,5.37,12906404969
2018,Import,4,7218,USA,842,5.28,12690813739
2018,Import,5,7103,Italy,381,4.4,10580412407
2018,Import,6,7076,France,251,3.98,9561620646
2018,Import,7,7106,Japan,392,3.67,8821944534
2018,Import,8,7111,Rep. of Korea,410,2.92,7009167597
2018,Import,9,7213,Ukraine,804,2.27,5463934045
2018,Import,10,7107,Kazakhstan,398,2.2,5295922126
2018,Turnover,1,12089,China,156,15.65,108237541151
2018,Turnover,2,12129,Germany,276,8.63,59695311770
2018,Turnover,3,12188,Netherlands,528,6.82,47143913332
2018,Turnover,4,12065,Belarus,112,5.16,35686200938
2018,Turnover,5,12151,Italy,381,3.9,26981375915
2018,Turnover,6,12247,Turkey,792,3.69,25539912742
2018,Turnover,7,12251,USA,842,3.65,25259903024
2018,Turnover,8,12207,Rep. of Korea,410,3.59,24834165065
2018,Turnover,9,12204,Poland,616,3.14,21748791859
2018,Turnover,10,12153,Japan,392,3.07,21262286064
2019,Export,1,7686,China,156,13.43,57321295775
2019,Export,2,7773,Netherlands,528,10.5,44787959712
2019,Export,3,7715,Germany,276,6.57,28049418073
2019,Export,4,7676,Belarus,112,5.09,21708324443
2019,Export,5,7831,Turkey,792,4.96,21149692748
2019,Export,6,7743,Rep. of Korea,410,3.83,16357365735
2019,Export,7,7735,Italy,381,3.36,14341896201
2019,Export,8,7739,Kazakhstan,398,3.35,14286933463
2019,Export,9,7837,United Kingdom,826,3.11,13271652188
2019,Export,10,7839,USA,842,3.09,13189241130
2019,Import,1,7465,China,156,21.91,54142184765
2019,Import,2,7501,Germany,276,10.16,25110441501
2019,Import,3,7455,Belarus,112,5.53,13663246677
2019,Import,4,7639,USA,842,5.43,13429006998
2019,Import,5,7522,Italy,381,4.41,10908178991
2019,Import,6,7525,Japan,392,3.63,8960529317
2019,Import,7,7493,France,251,3.48,8591584098
2019,Import,8,7530,Rep. of Korea,410,3.24,8002419510
2019,Import,9,7526,Kazakhstan,398,2.31,5710129821
2019,Import,10,7587,Poland,616,2.05,5078819807
2019,Turnover,1,12312,China,156,16.54,111463480540
2019,Turnover,2,12352,Germany,276,7.89,53159859574
2019,Turnover,3,12411,Netherlands,528,7.24,48765813677
2019,Turnover,4,12287,Belarus,112,5.25,35371571120
2019,Turnover,5,12478,USA,842,3.95,26618248128
2019,Turnover,6,12475,Turkey,792,3.88,26128437882
2019,Turnover,7,12374,Italy,381,3.75,25250075192
2019,Turnover,8,12433,Rep. of Korea,410,3.61,24359785245
2019,Turnover,9,12376,Japan,392,3.01,20315290406
2019,Turnover,10,12378,Kazakhstan,398,2.97,19997063284
2020,Export,1,8105,China,156,14.58,49146337025
2020,Export,2,8191,Netherlands,528,7.36,24819406506
2020,Export,3,8253,United Kingdom,826,6.87,23158448968
2020,Export,4,8135,Germany,276,5.52,18618931252
2020,Export,5,8095,Belarus,112,4.74,15978568108
2020,Export,6,8247,Turkey,792,4.73,15929123041
2020,Export,7,8158,Kazakhstan,398,4.17,14051457813
2020,Export,8,8162,Rep. of Korea,410,3.7,12468100598
2020,Export,9,8255,USA,842,3.25,10958393455
2020,Export,10,8154,Italy,381,2.99,10071345439
2020,Import,1,7890,China,156,23.7,54913416585
2020,Import,2,7926,Germany,276,10.09,23382406227
2020,Import,3,8058,USA,842,5.7,13213390420
2020,Import,4,7880,Belarus,112,5.44,12604663856
2020,Import,5,7946,Italy,381,4.4,10195883785
2020,Import,6,7918,France,251,3.49,8083803008
2020,Import,7,7954,Rep. of Korea,410,3.09,7159385938
2020,Import,8,7949,Japan,392,3.07,7111561328
2020,Import,9,8049,Turkey,792,2.21,5111623114
2020,Import,10,7950,Kazakhstan,398,2.18,5054817243
2020,Turnover,1,12539,China,156,18.3,104059753610
2020,Turnover,2,12579,Germany,276,7.38,42001337479
2020,Turnover,3,12514,Belarus,112,5.03,28583231964
2020,Turnover,4,12636,Netherlands,528,5.02,28567483053
2020,Turnover,5,12702,United Kingdom,826,4.66,26518975590
2020,Turnover,6,12698,USA,842,4.25,24171783875
2020,Turnover,7,12695,Turkey,792,3.7,21040746155
2020,Turnover,8,12600,Italy,381,3.56,20267229224
2020,Turnover,9,12656,Rep. of Korea,410,3.45,19627486536
2020,Turnover,10,12604,Kazakhstan,398,3.36,19106275056
